{"cameraMode":{"drawMode":0,"name":"Shaded","section":"Shading Mode"},"sceneLighting":true,"audioPlay":false,"sceneViewState":{"m_AlwaysRefresh":false,"showFog":true,"showSkybox":true,"showFlares":true,"showImageEffects":true,"showParticleSystems":true,"showVisualEffectGraphs":true,"m_FxEnabled":true},"in2DMode":false,"pivot":{"x":2.7275824546813967,"y":-1.1901485919952393,"z":7.150553226470947},"rotation":{"x":0.10762007534503937,"y":-0.23537267744541169,"z":0.026240119710564615,"w":0.9655786752700806},"size":1.136627197265625,"orthographic":false}