{"cameraMode":{"drawMode":0,"name":"Shaded","section":"Shading Mode"},"sceneLighting":true,"audioPlay":false,"sceneViewState":{"m_AlwaysRefresh":false,"showFog":true,"showSkybox":true,"showFlares":true,"showImageEffects":true,"showParticleSystems":true,"showVisualEffectGraphs":true,"m_FxEnabled":true},"in2DMode":false,"pivot":{"x":10.57381820678711,"y":-2.996166229248047,"z":19.570587158203126},"rotation":{"x":0.12153196334838867,"y":0.2917000651359558,"z":-0.037394508719444278,"w":0.9480212926864624},"size":20.041603088378908,"orthographic":false}