{"cameraMode":{"drawMode":0,"name":"Shaded","section":"Shading Mode"},"sceneLighting":true,"audioPlay":false,"sceneViewState":{"m_AlwaysRefresh":false,"showFog":true,"showSkybox":true,"showFlares":true,"showImageEffects":true,"showParticleSystems":true,"showVisualEffectGraphs":true,"m_FxEnabled":true},"in2DMode":false,"pivot":{"x":5.087419509887695,"y":-1.1958770751953126,"z":0.7802419662475586},"rotation":{"x":0.17467406392097474,"y":0.4630237817764282,"z":-0.09361964464187622,"w":0.8639146089553833},"size":11.209860801696778,"orthographic":false}