{"cameraMode":{"drawMode":0,"name":"Shaded","section":"Shading Mode"},"sceneLighting":true,"audioPlay":false,"sceneViewState":{"m_AlwaysRefresh":false,"showFog":true,"showSkybox":true,"showFlares":true,"showImageEffects":true,"showParticleSystems":true,"showVisualEffectGraphs":true,"m_FxEnabled":true},"in2DMode":false,"pivot":{"x":136.96652221679688,"y":52.254974365234378,"z":42.24334716796875},"rotation":{"x":0.15373025834560395,"y":-0.0444490872323513,"z":0.006922396831214428,"w":0.9870885610580444},"size":772.8439331054688,"orthographic":false}