{"cameraMode":{"drawMode":0,"name":"Shaded","section":"Shading Mode"},"sceneLighting":true,"audioPlay":false,"sceneViewState":{"m_AlwaysRefresh":false,"showFog":true,"showSkybox":true,"showFlares":true,"showImageEffects":true,"showParticleSystems":true,"showVisualEffectGraphs":true,"m_FxEnabled":true},"in2DMode":false,"pivot":{"x":-4.083522319793701,"y":-1.772199273109436,"z":0.10810565948486328},"rotation":{"x":0.02597007341682911,"y":-0.8861396908760071,"z":0.05002964660525322,"w":0.4599790573120117},"size":3.6982245445251467,"orthographic":false}