{"cameraMode":{"drawMode":0,"name":"Shaded","section":"Shading Mode"},"sceneLighting":true,"audioPlay":false,"sceneViewState":{"m_AlwaysRefresh":false,"showFog":true,"showSkybox":true,"showFlares":true,"showImageEffects":true,"showParticleSystems":true,"showVisualEffectGraphs":true,"m_FxEnabled":true},"in2DMode":false,"pivot":{"x":18.62871551513672,"y":1.4051581621170045,"z":9.174981117248536},"rotation":{"x":0.019585559144616128,"y":0.4919770061969757,"z":-0.011071141809225083,"w":0.8703209757804871},"size":14.540695190429688,"orthographic":false}