{"cameraMode":{"drawMode":0,"name":"Shaded","section":"Shading Mode"},"sceneLighting":false,"audioPlay":false,"sceneViewState":{"m_AlwaysRefresh":false,"showFog":true,"showSkybox":false,"showFlares":true,"showImageEffects":true,"showParticleSystems":true,"showVisualEffectGraphs":true,"m_FxEnabled":true},"in2DMode":false,"pivot":{"x":0.19999998807907105,"y":-0.6050000190734863,"z":2.691999912261963},"rotation":{"x":0.02087942324578762,"y":0.6802645325660706,"z":-0.019392793998122217,"w":0.7324129939079285},"size":0.04330131411552429,"orthographic":true}