{"cameraMode":{"drawMode":0,"name":"Shaded","section":"Shading Mode"},"sceneLighting":false,"audioPlay":false,"sceneViewState":{"m_AlwaysRefresh":false,"showFog":true,"showSkybox":false,"showFlares":true,"showImageEffects":true,"showParticleSystems":true,"showVisualEffectGraphs":true,"m_FxEnabled":true},"in2DMode":false,"pivot":{"x":12.754156112670899,"y":2.2003443241119386,"z":-8.937830924987793},"rotation":{"x":0.0041366745717823509,"y":-0.8880643844604492,"z":-0.007992888800799847,"w":-0.4596322476863861},"size":10.877105712890625,"orthographic":false}