{"cameraMode":{"drawMode":0,"name":"Shaded","section":"Shading Mode"},"sceneLighting":false,"audioPlay":false,"sceneViewState":{"m_AlwaysRefresh":false,"showFog":true,"showSkybox":false,"showFlares":true,"showImageEffects":true,"showParticleSystems":true,"showVisualEffectGraphs":true,"m_FxEnabled":true},"in2DMode":false,"pivot":{"x":-0.0977785587310791,"y":-0.11700259894132614,"z":-0.7436727285385132},"rotation":{"x":0.00835370272397995,"y":-0.9865100383758545,"z":0.05332339182496071,"w":0.1545478254556656},"size":1.1276471614837647,"orthographic":false}