{"cameraMode":{"drawMode":0,"name":"Shaded","section":"Shading Mode"},"sceneLighting":false,"audioPlay":false,"sceneViewState":{"m_AlwaysRefresh":false,"showFog":true,"showSkybox":false,"showFlares":true,"showImageEffects":true,"showParticleSystems":true,"showVisualEffectGraphs":true,"m_FxEnabled":true},"in2DMode":false,"pivot":{"x":0.009375005960464478,"y":0.012749910354614258,"z":-0.004124999046325684},"rotation":{"x":0.017253270372748376,"y":-0.8092679381370544,"z":0.023797715082764627,"w":0.5867047309875488},"size":1.065551519393921,"orthographic":false}